id,first_name,last_name,email,gender,ip_address
1,Ariadne,Knightsbridge,aknightsbridge0@tinyurl.com,Female,88.232.43.204
2,Alyssa,Haylor,ahaylor1@cnbc.com,Female,57.61.182.224
3,Rikki,Coll,rcoll2@house.gov,Male,185.225.128.69
4,Teodora,Elce,telce3@ed.gov,Female,28.162.70.128
5,Thornie,Fagge,tfagge4@hugedomains.com,Male,170.11.245.105
6,Thor,Stitch,tstitch5@google.ru,Male,81.220.181.246
7,Sisile,Brammer,sbrammer6@bluehost.com,Female,26.179.217.179
8,Aeriel,Chadbourne,achadbourne7@1688.com,Agender,210.9.198.198
9,Pearce,Casetta,pcasetta8@yale.edu,Male,203.214.252.37
10,Ulick,Jendrassik,ujendrassik9@goo.ne.jp,Bigender,242.41.23.223
